Price,Close,High,Low,Open,Volume
Ticker,RHM.DE,RHM.DE,RHM.DE,RHM.DE,RHM.DE
Date,,,,,
2024-01-02,294.4401550292969,295.32583127125815,284.6976262714659,285.09128685196936,430839
2024-01-03,292.2751159667969,295.4242201381949,290.6021487447261,294.24329856589986,179890
2024-01-04,300.24627685546875,300.4430771061944,292.176715773601,292.2751309150062,212519
2024-01-05,300.24627685546875,301.5255835974817,297.8844636221684,300.04944657265844,140626
2024-01-08,302.5096740722656,302.9033046046629,299.75423031340034,300.6399065193153,127099
2024-01-09,300.24627685546875,306.93808602183367,293.55443765701915,304.0842271135923,280550
2024-01-10,301.1319580078125,305.757199441028,300.1478666417739,301.2303731508334,151084
2024-01-11,303.2969665527344,305.8555800410307,301.32878384968507,303.19855141116494,130874
2024-01-12,310.7760314941406,311.26807716150444,305.75718971269725,306.0524051002818,231146
2024-01-15,310.5792236328125,313.8267129449699,309.5951323222092,313.5314975646223,160426
2024-01-16,315.3028564453125,318.9440063828384,309.0046779333427,310.7760303163053,246670
2024-01-17,320.6169738769531,321.7978955984059,314.90925563146754,314.90925563146754,235719
2024-01-18,328.88336181640625,331.34359034575675,319.14083281450917,323.0771984614699,355772
2024-01-19,325.04534912109375,332.5244491166653,324.35650322029016,331.2451424208275,324897
2024-01-22,328.48968505859375,330.6546980707002,321.99470608644447,325.73424125417193,158667
2024-01-23,319.9281005859375,330.7531053240941,318.55037871658897,329.76901398426173,351371
2024-01-24,326.4231262207031,327.5056027245148,320.22333244170005,321.8962998182769,164472
2024-01-25,322.5851135253906,327.4071848821652,322.2898981506049,327.0135243396738,191012
2024-01-26,311.95697021484375,321.60105381117495,308.4142352091413,320.026531614939,425003
2024-01-29,321.40423583984375,321.50265097970623,314.90922702601534,314.90922702601534,236431
2024-01-30,319.7312927246094,324.1597040643743,318.55040105325725,322.191521246701,141569
2024-01-31,319.63287353515625,322.3883474643044,317.76310588842944,320.3217495254648,132527
2024-02-01,323.2740173339844,324.65173925532247,317.86151476066044,319.04243642585624,171514
2024-02-02,322.9787902832031,326.5214950868267,321.3058229898708,324.35651215484387,162372
2024-02-05,322.2899169921875,327.70241941495703,318.84559726860687,324.0612694086237,276745
2024-02-06,328.1944580078125,329.86742527885684,323.07717108751075,324.55330808004965,270252
2024-02-07,328.48968505859375,330.5562829279526,327.5055936952881,328.5881002013413,155545
2024-02-08,326.8167419433594,329.6706008397342,324.5533138287911,328.4896792119521,147852
2024-02-09,331.2451477050781,332.62286956074723,326.91515185922486,326.91515185922486,217436
2024-02-12,343.3494873046875,344.3335787157253,335.77200145894795,336.8544779854204,290218
2024-02-13,359.193359375,360.4726661763779,351.51745850256043,359.193359375,510856
2024-02-14,358.6028747558594,367.55811186803004,358.6028747558594,362.1456095513656,451875
2024-02-15,371.19927978515625,371.88812573048773,364.11380985089914,366.08199260684995,392195
2024-02-16,382.0242614746094,383.1067378982159,372.0849331612273,377.8910659281863,449879
2024-02-19,397.6712951660156,397.6712951660156,385.07490867054014,396.9824192521389,611512
2024-02-20,395.5063171386719,399.8363131771376,388.32246212249595,398.45859126018286,448279
2024-02-21,393.6365661621094,396.68725555628305,385.0749588352488,396.0967947006226,393466
2024-02-22,395.30950927734375,398.0649530582381,392.25882007072767,392.25882007072767,309475
2024-02-23,403.7726745605469,407.8074551586062,395.8015585393117,395.8015585393117,343878
2024-02-26,415.0897216796875,416.4674736028649,405.83926894568316,406.4297297653185,422557
2024-02-27,408.2010803222656,421.1910981663997,389.0112989805722,420.7974676324742,753635
2024-02-28,414.69610595703125,415.77861249301606,405.5440680380667,407.80746622341917,235023
2024-02-29,417.2547607421875,419.9118195805031,414.400901639755,414.79453220007554,351948
2024-03-01,422.2735900878906,427.88289257496626,419.5181163813225,420.2069923159854,288441
2024-03-04,423.1592712402344,429.5558648752612,413.6135733412839,429.1622343502917,417898
2024-03-05,427.58770751953125,432.3113341628391,423.159296279398,423.159296279398,288918
2024-03-06,425.42266845703125,434.0826901499684,421.5847182898823,433.0985988234131,484831
2024-03-07,429.55584716796875,432.4097058964597,422.1751625087253,425.5210668811658,396312
2024-03-08,415.0897216796875,430.5399679717357,410.267680044821,430.34313768782897,588542
2024-03-11,408.88995361328125,414.59767139817797,395.60472046339123,400.22996179507567,453632
2024-03-12,411.6454162597656,413.81042932973537,403.37905459348417,412.3342922453249,309245
2024-03-13,414.59765625,416.46745376177967,405.3472039567,414.69607138726474,300811
2024-03-14,436.5429382324219,440.7745191153764,421.19110683663223,421.8799828092459,676466
2024-03-15,449.63134765625,451.79636071539176,434.4763463385151,437.23179020279935,619332
2024-03-18,469.5099792480469,469.5099792480469,452.38679612345476,458.5865594856416,488332
2024-03-19,480.0397644042969,481.6143166228243,463.90067173658326,472.8559093243778,520334
2024-03-20,470.0020446777344,473.7415798737591,456.42156574210094,473.34794933187527,647062
2024-03-21,483.9761047363281,484.96019606766026,472.95429984465824,473.3479303707743,364698
2024-03-22,492.4393005371094,497.3597572371846,483.7793087578108,485.84590657825925,421749
2024-03-25,499.13116455078125,512.1211828993823,492.83295563504385,498.7375039694833,765053
2024-03-26,512.7116088867188,512.7116088867188,499.524790403535,499.7215906602479,415164
2024-03-27,503.4611511230469,515.4670478231524,502.0834292108492,513.8925256561181,424270
2024-03-28,512.7116088867188,513.8925305553381,503.85478646833013,506.21662980556886,283421
2024-04-02,519.2066040039062,527.0793352856284,508.97208937617125,515.2702383630452,523088
2024-04-03,525.1111450195312,526.4888969999663,514.2861396606534,523.5366228111815,410716
2024-04-04,528.4570922851562,530.0316145307276,518.616178089902,526.4889094461054,369064
2024-04-05,528.26025390625,529.2443453107193,517.0416479338044,526.4889013910399,435949
2024-04-08,551.681640625,551.681640625,525.8984927900619,527.669845380101,534195
2024-04-09,513.6957397460938,562.7034822147824,484.66504181025124,557.3894243938455,1949148
2024-04-10,514.6798095703125,530.2284419001375,505.62615654782803,519.6002666407744,672994
2024-04-11,524.3238525390625,527.4729568314872,515.8606910633292,517.0416126810095,368968
2024-04-12,534.5584716796875,539.4789287826593,524.7175574737439,529.0475236858549,449855
2024-04-15,543.0216064453125,548.9261546706639,530.4252489107304,541.0534237035288,429000
2024-04-16,534.7552490234375,539.8724758524648,525.1111060052683,535.5425100691211,403974
2024-04-17,523.3397827148438,531.9997748268753,503.8547854467302,531.4093440258482,516390
2024-04-18,502.28021240234375,521.3715783338774,487.91247287561356,521.3715783338774,791777
2024-04-19,495.9820556640625,503.461156160652,492.04569014291917,500.11525147409725,496451
2024-04-22,501.68975830078125,505.42929341857064,491.7504596897924,502.0834188665146,394196
2024-04-23,506.41339111328125,511.13707770458416,498.9343207840017,500.90250350898793,398292
2024-04-24,512.3179321289062,516.4511278064524,503.06750948924224,508.1847965155294,264447
2024-04-25,504.8388671875,511.5306764161378,490.76637276606255,511.3338461314958,391168
2024-04-26,516.0575561523438,516.0575561523438,499.7216028115847,504.8388901239209,302400
2024-04-29,516.64794921875,522.1588366514161,512.9084141705717,515.8606881661075,189819
2024-04-30,508.9720764160156,517.041637787137,505.4293113909477,514.6797944370917,202216
2024-05-02,504.2484436035156,509.9561615546774,497.5566042471657,508.1848090959266,286327
2024-05-03,528.0634155273438,528.0634155273438,502.870699984326,505.62614386181673,383071
2024-05-06,537.70751953125,538.101120019474,527.866606363139,528.4570371275588,223684
2024-05-07,520.3875122070312,541.8406923802655,514.8766244784804,540.2661701904428,391210
2024-05-08,526.2920532226562,532.1966014489333,523.7334396836045,524.5207007676073,165034
2024-05-09,533.1807250976562,533.3775553966153,524.5207325210257,525.3079936526877,152696
2024-05-10,527.276123046875,535.5425142515298,525.7016009432112,533.3775013108661,171612
2024-05-13,527.6697998046875,535.5425306930404,519.403408346249,534.3616090469535,237986
2024-05-14,513.302001953125,514.6797538092562,495.98201896723737,509.7592972718829,589539
2024-05-15,512.8045654296875,520.1672639647326,505.24280118421547,515.391448020526,314770
2024-05-16,510.8146667480469,521.1622584406085,509.22268752225415,516.784452207224,246892
2024-05-17,509.42169189453125,513.2025438685014,502.6559471946166,508.42672765254974,236832
2024-05-20,528.5250244140625,528.5250244140625,511.013617088969,511.6106320786624,239971
2024-05-21,524.3461303710938,532.7038538939332,517.9783352367594,526.9330129850323,203229
2024-05-22,519.371337890625,527.5300568766121,518.5753786371185,524.3461591347881,177640
2024-05-23,531.3109130859375,533.4998465962708,520.3663062620699,520.3663062620699,355638
2024-05-24,528.1270141601562,529.9179376727545,524.1471571420273,528.1270141601562,179069
2024-05-27,529.5199584960938,534.8927287303915,528.524994297765,530.9128719370767,115789
2024-05-28,520.9632568359375,536.0867255764767,519.570343323079,532.1068685777979,317008
2024-05-29,512.4065551757812,525.3410895782768,507.82971385288806,523.351161208662,298149
2024-05-30,513.9984741210938,516.983366678656,507.43173478557475,508.0287193698666,143892
2024-05-31,525.14208984375,528.1269824280015,514.3964886860037,514.5954936705128,363709
2024-06-03,532.3058471679688,534.6937855398404,526.5350669517069,528.7240003379567,246058
2024-06-04,514.396484375,531.5098805268452,514.396484375,531.3108755440038,316308
2024-06-05,520.9632568359375,524.7441695669212,517.1824048327524,519.3713383275854,118654
2024-06-06,521.1622314453125,528.3259857708148,518.9732980781042,523.15215982863,224455
2024-06-07,530.116943359375,530.5149533528256,517.580418027067,521.7592800471026,295761
2024-06-10,528.7239990234375,529.3209532510235,524.9430864894082,527.331024855343,127159
2024-06-11,514.7944946289062,531.111870858522,508.22769455823374,529.718957433442,415605
2024-06-12,511.01361083984375,518.1773655339682,499.07407028946795,517.3814062852429,355340
2024-06-13,503.451904296875,517.3814036252471,503.451904296875,512.6055874296504,227777
2024-06-14,476.786865234375,508.0287355952114,457.7830426048416,503.053914507056,977195
2024-06-17,483.5526123046875,486.8359820945303,474.4984318039805,482.35864309170915,280579
2024-06-18,483.5526123046875,483.5526123046875,483.5526123046875,483.5526123046875,0
2024-06-19,485.44305419921875,490.51737797519024,484.44808994369095,490.51737797519024,129307
2024-06-20,493.8007507324219,494.29823286306663,479.07529181089706,482.9556463571462,337407
2024-06-21,488.5274353027344,507.6307606006614,488.5274353027344,502.6559394672324,589348
2024-06-24,497.8800964355469,502.0589583623513,486.9354898656196,491.11435179242403,203473
2024-06-25,492.5072937011719,496.78562774331954,485.7415490847758,493.99974004572084,280021
2024-06-26,487.6319885253906,494.8952154573743,481.7617054807039,492.00982518428077,192918
2024-06-27,473.4039611816406,491.5123220337048,469.0261247099905,487.3334601866444,267860
2024-06-28,473.30450439453125,480.07024912787216,462.16089268372355,473.10549939959213,317912
2024-07-01,480.9656982421875,484.4480730148445,469.3246350776446,474.69743579696427,203425
2024-07-02,479.3737487792969,487.03498541452285,473.5034659573969,481.0652000978995,176868
2024-07-03,502.4569396972656,503.05392431226,486.83598903042474,487.6319786383835,379778
2024-07-04,512.6055908203125,515.7894885477028,508.82470847354904,510.01864734839614,229202
2024-07-05,488.12945556640625,513.2025358544662,487.8309480801338,507.6307604774963,326793
2024-07-08,494.4972229003906,509.0237067485138,489.820878868248,491.0148480912329,256652
2024-07-09,498.278076171875,504.6458715597024,492.5072957610425,495.49218846262454,184948
2024-07-10,498.67608642578125,501.06399451555643,489.9203829447406,498.27807644090313,175197
2024-07-11,508.02874755859375,512.4065841464829,492.0098172047297,500.46701325374937,286594
2024-07-12,506.4367980957031,511.2126143015372,503.6509103696164,508.82470619862016,172584
2024-07-15,512.8045654296875,517.9783306113645,507.8297141389512,508.6257037055838,230034
2024-07-16,510.8146667480469,512.2075802518427,503.45190705727583,512.2075802518427,157472
2024-07-17,481.26422119140625,508.426733145395,481.26422119140625,507.4317688926643,386324
2024-07-18,490.5173645019531,498.6760833187418,484.54757913276103,488.2289589226556,196705
2024-07-19,487.7314758300781,492.9052715879926,485.74154737767293,492.50729197029125,129650
2024-07-22,491.2138671875,495.19372422652725,485.54255876132635,487.23401014847275,105737
2024-07-23,491.3133239746094,492.9052728132706,485.7415485851431,491.21385184286066,131690
2024-07-24,493.50225830078125,508.22771676580965,488.3284321569072,490.2188884858718,273464
2024-07-25,469.026123046875,492.6067869958619,466.43921002519613,491.6118227847468,380507
2024-07-26,486.83599853515625,487.8309627916057,469.1256469159158,469.1256469159158,210569
2024-07-29,490.81585693359375,498.2780888778339,489.32341054474574,492.30830332244176,182204
2024-07-30,495.98968505859375,497.3826289538821,487.6319913229641,489.5224173497054,149080
2024-07-31,501.2629699707031,502.65594419227625,489.1244245093711,499.0740668697574,218647
2024-08-01,493.999755859375,507.2327683924248,493.7012787264699,502.4569520825466,171613
2024-08-02,477.6823425292969,488.925426409479,473.10550090621507,488.32844178665977,290138
2024-08-05,477.8813171386719,478.577804259245,435.2968593834089,448.7288767586684,769769
2024-08-06,487.3334655761719,491.0148453566239,481.06520310015736,485.741547106256,200534
2024-08-07,492.10931396484375,496.38764800597227,488.4279341702737,491.7113343458385,134148
2024-08-08,509.0237121582031,509.0237121582031,489.2239298199197,490.71637618256267,353609
2024-08-09,535.6887817382812,535.6887817382812,512.008583774091,512.4065937691089,455856
2024-08-12,543.25048828125,547.0313403398453,535.4897791656491,539.2706312242445,248778
2024-08-13,544.8424072265625,547.2303457536983,535.6887845707402,546.2353814886916,207977
2024-08-14,555.1900634765625,555.7870177483206,546.8323393051502,547.2303493048555,271710
2024-08-15,560.3638916015625,562.751769423928,552.0061674037834,559.1699223264798,219161
2024-08-16,559.368896484375,566.1346410330597,557.3789680448915,563.1497483738344,177403
2024-08-19,548.42431640625,551.8071584791609,531.1119138601665,537.4797094634569,336790
2024-08-20,531.9078369140625,551.807120909767,531.3108826853096,548.6232840526906,273484
2024-08-21,534.0968017578125,535.8877252773534,527.7290669408004,535.0917660162019,122446
2024-08-22,530.9129028320312,536.2857341067809,529.9179385758034,534.09680059752,123391
2024-08-23,532.703857421875,532.703857421875,525.3410980445267,531.9078374789651,105861
2024-08-26,532.3058471679688,533.4998163539046,526.5350669517069,532.1068421823469,68596
2024-08-27,532.90283203125,534.8927605462701,526.734102216927,532.7038877619872,100354
2024-08-28,540.66357421875,543.4494618519861,533.6988247717617,535.0917382244819,129617
2024-08-29,539.8675537109375,544.2454205070485,536.2857068616072,541.260527890008,128127
2024-08-30,539.2706298828125,543.0514819320031,537.0816963613446,537.4797063571748,164056
2024-09-02,524.744140625,540.464562757172,518.5753504717237,540.464562757172,224405
2024-09-03,517.3814086914062,528.7240254038372,513.6005566965288,523.5501991713635,158186
2024-09-04,520.7642822265625,525.5400982011605,502.6559217920752,505.44180938327446,164658
2024-09-05,512.6055908203125,521.1622590303634,505.24283112120963,519.3713355361432,171092
2024-09-06,499.4720458984375,514.1975044287682,498.67608665611107,510.8146624669314,144237
2024-09-09,504.4468688964844,508.0287462277007,496.686159982098,501.660981174371,114554
2024-09-10,508.4267272949219,509.22268654238763,500.4670133646687,505.6408395648929,111826
2024-09-11,507.6307678222656,511.01360980444383,502.257936630609,509.62069630394615,106528
2024-09-12,519.1723022460938,519.1723022460938,508.426701138625,513.0035121219448,117844
2024-09-13,518.3763427734375,519.7693169299735,509.8196750341301,517.580383567329,119587
2024-09-16,515.5904541015625,519.5703108515124,513.6005257265876,515.3914491185061,85360
2024-09-17,480.7667236328125,518.1773540435165,479.27427730162276,517.9783490537985,559461
2024-09-18,478.87628173828125,489.0249292414457,474.79695260134383,482.55766161159954,206325
2024-09-19,491.1143493652344,494.298216678775,479.5727582393905,484.4480768873017,183712
2024-09-20,485.24407958984375,493.90025039501296,483.5526282098053,493.50227076556257,243031
2024-09-23,486.3385009765625,488.5274344168614,479.27427927102195,488.5274344168614,89893
2024-09-24,484.2491149902344,489.0249312680452,476.1898984530167,486.537520630873,157767
2024-09-25,489.7214050292969,491.21385137087674,478.279316410518,480.8661991114709,113944
2024-09-26,481.8611755371094,491.1143613074804,477.98082102355346,490.11939705457377,192758
2024-09-27,479.8712463378906,484.8460675952351,478.47830245861405,480.9657130872863,129690
2024-09-30,483.9505920410156,483.9505920410156,469.9215904225852,479.5727555321738,239460
2024-10-01,508.4267272949219,511.4116200187668,481.7616977741333,483.1546416391478,457129
2024-10-02,514.197509765625,524.3461572120633,508.8247089144102,511.41162202466893,238553
2024-10-03,514.197509765625,523.1521879722826,505.8398161788577,516.1874382559934,136423
2024-10-04,517.3814086914062,517.779418681519,510.41665895902196,513.4015517014724,122250
2024-10-07,503.6509094238281,519.769342225073,492.60680030918985,516.386439524736,246049
2024-10-08,499.8700256347656,506.03881603786255,498.87506139967894,504.24786219636724,139685
2024-10-09,496.8851318359375,501.46197338004305,488.8259154766928,500.46700914714614,167846
2024-10-10,478.5777893066406,503.05391516516534,476.2893837486547,493.800729710752,452008
2024-10-11,471.1155700683594,477.28436053371587,463.7528407271881,475.2944320434588,299062
2024-10-14,481.46319580078125,484.34858606078365,474.89642566029005,475.59291278272826,173020
2024-10-15,480.5677185058594,488.5274322699316,473.3044918417028,483.055129057132,190706
2024-10-16,478.77679443359375,485.84101609892787,476.5878610057533,481.46317960714526,185647
2024-10-17,483.8511047363281,488.2289717465105,478.1798267049725,479.47326809004505,145808
2024-10-18,485.6420593261719,486.8359982147859,480.56773554883904,481.5626998046337,154208
2024-10-21,487.9304504394531,491.3133227356408,484.54757814326547,484.74658313405826,120838
2024-10-22,491.6118469238281,495.4922014649302,481.86117895778494,489.4229134063349,190159
2024-10-23,489.6219177246094,493.203795128311,485.04507606231834,491.6118462417881,140100
2024-10-24,500.864990234375,504.6458725487953,489.12442439736714,491.21385536534956,209689
2024-10-25,483.3536071777344,500.267998961382,482.7566529353126,499.07406011264,270632
2024-10-28,488.02996826171875,488.02996826171875,475.5929150440399,483.5526291033544,163255
2024-10-29,486.2390441894531,494.09925574128295,486.2390441894531,488.1294702036047,156908
2024-10-30,483.254150390625,489.12443341738367,475.89139061872834,488.02996666502884,169895
2024-10-31,470.81707763671875,480.3687097883626,462.7578614403584,478.9757659632393,282837
2024-11-01,475.5928955078125,479.0752702657149,471.1155565333666,471.1155565333666,176786
2024-11-04,465.9417419433594,475.99088685085644,461.4644028585844,474.1004608656201,211464
2024-11-05,477.8813171386719,478.577804259245,462.3598991294914,464.05132013618453,142000
2024-11-06,493.3032531738281,500.2680027850337,464.3498183669354,476.38886126090034,548088
2024-11-07,539.0715942382812,542.4544968271202,489.1244093549795,504.2478470558626,922573
2024-11-08,543.25048828125,543.25048828125,524.545172258884,539.2706312242445,462559
2024-11-11,562.15478515625,565.7366320625871,543.8474191892464,547.2303218335177,371466
2024-11-12,571.1094970703125,577.6762370312204,555.588078583912,562.1548185448198,343431
2024-11-13,569.91552734375,575.0893537444505,552.4041803097796,572.1044609049464,336201
2024-11-14,563.5477905273438,568.7215561831481,559.3689284202864,568.12460190834,220484
2024-11-15,572.900390625,584.6409563757459,562.751743348736,563.7467075772364,415387
2024-11-18,572.900390625,572.900390625,572.900390625,572.900390625,0
2024-11-19,601.7543334960938,606.9281594600003,579.2681669613168,582.0540545640987,497447
2024-11-20,593.396728515625,606.3312643219941,583.6460298639673,605.734249309635,300051
2024-11-21,602.9483032226562,608.7190834181721,594.9885896487598,605.9331958128674,269917
2024-11-22,615.8828735351562,615.8828735351562,602.3513839650833,604.9382667356624,209508
2024-11-25,605.9332275390625,623.6435790227233,602.3513805343845,621.8526555203844,332608
2024-11-26,614.6889038085938,618.8677658198179,608.1221640250978,609.7140825399457,142866
2024-11-27,612.89794921875,616.8778060318588,609.1170973918559,609.7140516227039,114371
2024-11-28,612.89794921875,612.89794921875,612.89794921875,612.89794921875,0
2024-11-29,619.2657470703125,621.454619744686,615.6838394864545,617.6737679015548,103526
2024-12-02,625.0365600585938,630.011381356851,618.668764505705,625.2355650560838,197260
2024-12-03,631.603271484375,632.9962456763787,624.6385219799491,626.4294454212422,195477
2024-12-04,648.7166748046875,649.711639029848,638.1700783091043,639.9610017688339,254503
2024-12-05,654.885498046875,660.4572736965745,647.7217431202614,650.1096816717326,280622
2024-12-06,648.5177001953125,658.2683379131164,646.3287666518545,655.0845008256864,190868
2024-12-09,609.9130859375,638.7670492200244,606.3312389245818,636.7771207177814,539911
2024-12-10,609.9130859375,609.9130859375,609.9130859375,609.9130859375,0
2024-12-11,615.683837890625,616.8778070821496,604.9382366224951,607.9231292374087,260905
2024-12-12,623.6435546875,631.0063141326781,620.4596570699149,624.0415646626216,223440
2024-12-13,612.89794921875,629.2153864436142,611.9029850154728,624.6385146718618,156837
2024-12-16,620.65869140625,629.4143647227869,618.469757895166,621.0567014001921,219449
2024-12-17,609.7140502929688,626.2304924680266,603.9432700721057,617.8727688876073,225910
2024-12-18,610.112060546875,614.2909223390185,602.9483061500284,607.1271679421719,105092
2024-12-19,617.0768432617188,617.0768432617188,602.3513844293373,606.7291907158298,184494
2024-12-20,608.5200805664062,614.4898657677554,598.172489320745,611.703978152685,309478
2024-12-23,616.4797973632812,633.3941888547673,614.2909246936784,616.2808531044416,209378
2024-12-27,614.6889038085938,621.4546485883953,613.0969852937459,619.2657758124292,101530
2024-12-30,614.6889038085938,614.6889038085938,614.6889038085938,614.6889038085938,0
2025-01-02,600.9583740234375,617.47475537601,595.187593835659,610.9080159774679,248324
2025-01-03,612.4999389648438,612.4999389648438,590.2127772583542,598.3714958670369,193098
2025-01-06,603.3463134765625,611.703976296412,596.1825591111235,610.9080170842066,282194
2025-01-07,613.8929443359375,616.6788320998439,603.9433018021298,603.9433018021298,194910
2025-01-08,645.5327758789062,646.328735111922,618.0717876091815,618.6687418519941,0
2025-01-09,645.9307861328125,649.3136280565112,638.3690215964684,646.5277403758779,152543
2025-01-10,646.7267456054688,651.5025617351497,639.9610010277709,646.1297913621825,192039
2025-01-13,641.5529174804688,650.308590478689,626.8274591569443,648.9156770061293,191958
2025-01-14,651.7015991210938,653.094573395068,641.9509613866741,642.7469206598879,177130
2025-01-15,653.0945434570312,656.2783804039387,646.1297938620261,649.7116407911956,185731
2025-01-16,682.5454711914062,683.9384454237324,655.2834266223796,658.6663293421442,411607
2025-01-17,682.5454711914062,682.5454711914062,682.5454711914062,682.5454711914062,0
2025-01-20,682.5454711914062,682.5454711914062,682.5454711914062,682.5454711914062,0
2025-01-21,682.5454711914062,682.5454711914062,682.5454711914062,682.5454711914062,0
2025-01-22,714.185302734375,719.7571387856079,703.4397013375781,706.4245939882326,296689
2025-01-23,729.90576171875,731.6967459809483,716.7722819812918,725.5279553821971,362433
2025-01-24,729.90576171875,729.90576171875,729.90576171875,729.90576171875,0
2025-01-27,719.5581665039062,726.721921336662,699.4598762637133,724.134977818495,409281
2025-01-28,728.5128173828125,730.5027458319719,713.1903440331664,720.1550936052242,142673
2025-01-29,738.6614990234375,738.6614990234375,724.7319992305328,729.5078155853973,186428
2025-01-30,743.23828125,754.5808977850949,737.2684958584338,740.4523935461619,252335
2025-01-31,751.5960083007812,756.3718244888812,740.2533917172209,743.4372894185534,240924
2025-02-03,760.1527099609375,768.1124242013661,743.8352714769386,746.2232100401873,383132
2025-02-04,754.3818969726562,770.8982790230431,711.7974397557788,766.5204728149852,564644
2025-02-05,745.0292358398438,770.6993019501912,739.8554094721629,750.6010722080385,353372
2025-02-06,702.8427734375,755.9738281735512,702.8427734375,753.1879404074322,863997
2025-02-07,719.7571411132812,730.3037375552493,709.807498912256,715.3792742537115,427367
2025-02-10,719.7571411132812,719.7571411132812,719.7571411132812,719.7571411132812,0
2025-02-11,727.7168579101562,735.6765717041845,719.1601291448977,728.5128171439997,214715
2025-02-12,724.333984375,725.5279536376615,707.4195918827266,724.5329893734101,277086
2025-02-13,753.1879272460938,753.9838864899621,684.5353949079425,691.5001445654361,810382
2025-02-14,812.8858032226562,828.0092721723585,755.9738352088762,758.9587279991674,763422
2025-02-17,926.90869140625,933.0774820375589,855.0723195576718,895.4678447054883,1025167
2025-02-18,924.122802734375,963.1254143020855,910.7903179400136,961.5334957596482,839484
2025-02-19,928.1026611328125,956.3596707595947,925.515778315738,935.2664160395262,461576
2025-02-20,885.1201782226562,926.7097327233708,881.5383311906535,925.3167584732593,672352
2025-02-21,889.697021484375,902.0345414285974,876.3644765880895,898.0546845315328,357911
2025-02-24,946.6090087890625,946.6090087890625,909.7953316538681,925.3167496143443,509191
2025-02-25,948.0018920898438,984.8155680519658,933.2764338505542,971.0850740278687,670460
2025-02-26,965.1152954101562,966.7072138743533,944.8180009887622,960.1404742997946,0
2025-02-27,995.959228515625,996.9541927798764,961.732433534258,966.7072548555149,497588
2025-02-28,1001.4315185546875,1007.4013040602296,978.8458179131602,999.939072178302,450496
2025-03-03,1138.736572265625,1192.962123325893,1071.576486090064,1144.2088755836337,1241404
2025-03-04,1116.349853515625,1194.9520268023757,1079.5361774192986,1193.957062583556,999479
2025-03-05,1196.4444580078125,1196.4444580078125,1130.2793382926195,1165.1030855111421,737840
2025-03-06,1192.962158203125,1212.3639614432925,1167.0930872162348,1208.3841043683865,544136
2025-03-07,1109.3851318359375,1193.459610436957,1109.3851318359375,1191.469681949359,665722
2025-03-10,1113.364990234375,1148.686220934393,1065.60670647097,1129.28441815551,660313
2025-03-11,1148.188720703125,1176.5452012404205,1107.3951872985945,1110.8775621014204,474920
2025-03-12,1258.6297607421875,1273.05674218943,1132.7667846679688,1179.0326217229187,1179803
2025-03-13,1281.513916015625,1330.7646449308218,1246.1926861875547,1313.3527710719138,817755
2025-03-14,1362.1060791015625,1379.0204716104934,1285.4938306787571,1303.4031874529196,890924
2025-03-17,1362.1060791015625,1362.1060791015625,1362.1060791015625,1362.1060791015625,0
2025-03-18,1438.2208251953125,1438.2208251953125,1341.211810697531,1361.111095722717,693488
2025-03-19,1373.0506591796875,1475.531976495273,1324.794893259242,1454.1402452109517,844416
2025-03-20,1329.272216796875,1383.995249673992,1199.9268663600533,1360.1161080548864,856051
2025-03-21,1298.4283447265625,1325.7898615694594,1238.7304897966055,1312.3578442102191,548602
2025-03-24,1298.4283447265625,1298.4283447265625,1298.4283447265625,1298.4283447265625,0
2025-03-25,1312.8553466796875,1312.8553466796875,1281.5139723557693,1310.367936019059,235374
2025-03-26,1346.68408203125,1362.6035096725504,1310.8653698383243,1324.2973869106713,362451
2025-03-27,1343.2017822265625,1354.6438714825665,1320.3176037145543,1328.2773179796006,183442
2025-03-28,1303.4031982421875,1341.7093227706794,1270.0718950810324,1336.237019266609,341116
2025-03-31,1312.3577880859375,1320.3175017361934,1254.6498641215824,1268.5793630095302,275923
2025-04-01,1347.181640625,1357.6287656076902,1306.8855871203377,1318.3276763870938,241535
2025-04-02,1290.4686279296875,1361.111089443186,1287.981217313015,1348.1765542364892,310704
2025-04-03,1346.1866455078125,1351.658948944836,1256.6398619928805,1264.5995760830967,450036
2025-04-04,1269.5743408203125,1395.9347963721775,1249.1775743729643,1345.6891034165146,707845
2025-04-07,1237.7354736328125,1293.4534692304312,928.3016052246094,984.815560042349,1665353
2025-04-08,1308.87548828125,1322.8049879664932,1261.1172036461303,1275.5441854629894,512625
2025-04-09,1299.9207763671875,1317.8301326431992,1232.2632082133653,1286.4887591601787,480109
2025-04-10,1372.55322265625,1409.864383112654,1301.413276719373,1392.9499903724175,461647
2025-04-11,1353.6488037109375,1392.452407786444,1335.7394479837808,1372.0556415416265,250929
2025-04-14,1432.74853515625,1432.74853515625,1365.0909654405382,1383.0003221299912,324924
2025-04-15,1432.74853515625,1432.74853515625,1432.74853515625,1432.74853515625,0
2025-04-16,1477.0244140625,1492.4463597802292,1444.6880762672617,1491.4513955403756,276398
2025-04-17,1456.627685546875,1486.4766135293928,1435.2359538260705,1484.486684997225,235823
2025-04-22,1418.8189697265625,1459.612502516737,1391.954935937911,1457.125091980751,309355
2025-04-23,1376.5330810546875,1423.7938843435186,1315.3427778491484,1423.296402203636,454306
2025-04-24,1375.5380859375,1377.030532323689,1333.7495871242088,1350.1664973722875,186501
2025-04-25,1379.5179443359375,1406.8794614432136,1353.648873616331,1380.0154264651608,158314
2025-04-28,1332.754638671875,1381.0104057309163,1330.7647101333578,1379.020477192399,234243
2025-04-29,1332.754638671875,1332.754638671875,1332.754638671875,1332.754638671875,0
2025-04-30,1491.451416015625,1491.451416015625,1447.1755067343072,1450.657881621602,317901
2025-05-02,1568.0635986328125,1569.5560449513082,1496.9236574511845,1497.4211395573495,383002
2025-05-05,1618.8067626953125,1630.2488510610137,1580.9981228782124,1583.4855333924952,351409
2025-05-06,1636.7161865234375,1657.6104357130985,1536.7222796872031,1644.6759005004512,473503
2025-05-07,1625.2740478515625,1663.5801701914984,1606.8672098440609,1659.6003133250115,314284
2025-05-08,1692.4342041015625,1702.881328818239,1626.7665630253114,1641.6910269062776,344774
2025-05-09,1685.469482421875,1735.2176961887544,1665.0727147774544,1733.2277676380793,353815
2025-05-12,1585.9730224609375,1666.0676449879797,1550.154309281142,1655.6205203105396,544352
2025-05-13,1600.4000244140625,1622.2892383009817,1576.520881991969,1607.8622564209668,220260
2025-05-14,1608.5,1608.5,1608.5,1608.5,0
2025-05-15,1682.0,1696.5,1601.5,1615.0,321564
2025-05-16,1723.0,1725.0,1668.5,1686.0,292480
2025-05-19,1752.5,1753.0,1706.0,1725.0,216764
2025-05-20,1780.0,1796.0,1714.0,1773.0,352016
2025-05-21,1795.0,1804.0,1776.0,1780.5,215705
2025-05-22,1770.0,1801.5,1758.0,1796.0,190652
2025-05-23,1783.5,1789.0,1716.0,1770.0,259826
2025-05-26,1842.0,1842.0,1801.0,1802.0,219757
2025-05-27,1889.0,1892.0,1862.0,1863.0,266319
2025-05-28,1898.0,1936.0,1881.0,1929.0,319573
2025-05-29,1878.5,1916.5,1816.5,1902.0,272050
2025-05-30,1885.0,1922.5,1867.0,1875.0,443079
2025-06-02,1819.0,1944.0,1744.5,1920.0,638679
2025-06-03,1835.0,1872.5,1802.5,1843.0,270238
2025-06-04,1833.0,1850.0,1790.5,1850.0,248584
2025-06-05,1882.0,1916.5,1815.0,1820.0,0
2025-06-06,1788.0,1898.0,1783.0,1898.0,357408
2025-06-09,1788.0,1788.0,1788.0,1788.0,0
2025-06-10,1671.5,1747.5,1655.0,1737.0,498337
2025-06-11,1720.0,1732.5,1674.0,1680.0,351534
2025-06-12,1748.0,1760.0,1683.5,1757.0,248398
2025-06-13,1795.5,1805.0,1732.5,1767.5,278822
2025-06-16,1760.0,1829.0,1744.5,1809.5,247162
2025-06-17,1728.5,1757.0,1690.0,1742.0,225872
2025-06-18,1741.0,1758.0,1725.0,1727.0,144941
2025-06-19,1721.0,1773.0,1704.5,1741.0,177229
2025-06-20,1757.5,1757.5,1718.0,1725.0,1357876
2025-06-23,1740.0,1774.5,1653.0,1766.5,392081
2025-06-24,1686.0,1737.5,1649.0,1705.0,377963
2025-06-25,1738.0,1738.0,1691.5,1693.5,234549
2025-06-26,1864.5,1864.5,1737.5,1739.0,454813
2025-06-27,1751.0,1859.0,1751.0,1855.5,365195
2025-06-30,1797.0,1797.0,1760.0,1780.0,201352
2025-07-01,1702.5,1795.0,1702.5,1795.0,261329
2025-07-02,1729.5,1735.0,1664.5,1704.5,264124
2025-07-03,1698.5,1738.5,1679.5,1722.5,194201
2025-07-04,1755.0,1761.0,1704.0,1705.0,247399
2025-07-07,1803.0,1803.0,1743.0,1760.0,238635
2025-07-08,1830.0,1842.5,1804.0,1806.0,257940
2025-07-09,1860.5,1871.0,1825.0,1830.5,305488
2025-07-10,1845.5,1864.0,1826.0,1853.0,278900
2025-07-11,1840.0,1871.5,1795.0,1838.0,260801
2025-07-14,1880.0,1880.0,1825.0,1831.0,221581
2025-07-15,1828.0,1888.5,1827.0,1888.0,259473
2025-07-16,1828.0,1828.0,1828.0,1828.0,0
2025-07-17,1841.0,1851.0,1821.0,1821.0,181547
2025-07-18,1835.5,1864.5,1834.5,1841.0,207207
2025-07-21,1815.0,1840.5,1793.5,1839.0,202040
2025-07-22,1754.0,1812.5,1724.5,1801.0,264315
2025-07-23,1754.0,1754.0,1754.0,1754.0,0
2025-07-24,1745.5,1811.5,1735.0,1780.5,158024
2025-07-25,1734.0,1765.5,1720.0,1750.5,134945
2025-07-28,1677.0,1715.5,1659.0,1710.0,296288
2025-07-29,1735.0,1740.5,1679.5,1689.5,221191
2025-07-30,1732.5,1755.5,1711.5,1747.0,141906
2025-07-31,1735.5,1758.0,1727.0,1736.5,161922
2025-08-01,1707.5,1724.5,1684.0,1721.0,149293
2025-08-04,1765.0,1765.0,1703.0,1707.5,167905
2025-08-05,1769.0,1785.0,1751.0,1776.0,130408
2025-08-06,1783.5,1791.0,1737.0,1787.0,223398
2025-08-07,1641.0,1732.0,1641.0,1707.0,651875
2025-08-08,1620.5,1706.5,1560.0,1660.0,532717
2025-08-11,1545.5,1578.5,1525.5,1572.0,456198
2025-08-12,1563.0,1573.0,1542.0,1545.0,244526
2025-08-13,1597.0,1615.0,1571.5,1600.0,231464
2025-08-14,1641.0,1656.0,1586.5,1600.0,222315
2025-08-15,1621.0,1647.0,1563.5,1636.5,299004
2025-08-18,1648.0,1676.5,1625.0,1640.0,222319
2025-08-19,1568.0,1635.5,1545.0,1629.5,310427
2025-08-20,1557.5,1569.0,1481.0,1500.0,347595
2025-08-21,1608.5,1617.0,1571.0,1580.0,211643
2025-08-22,1622.5,1636.0,1612.5,1620.0,120002
2025-08-25,1650.0,1654.5,1621.5,1626.5,122242
2025-08-26,1635.5,1654.5,1619.0,1650.0,256800
2025-08-27,1635.5,1645.5,1617.0,1640.0,107087
2025-08-28,1637.5,1652.0,1618.5,1649.0,213768
2025-08-29,1637.5,1637.5,1637.5,1637.5,0
2025-09-01,1748.5,1751.5,1698.0,1699.5,173814
2025-09-02,1749.0,1775.0,1721.5,1768.0,244376
2025-09-03,1754.0,1782.0,1749.5,1760.0,170124
2025-09-04,1725.0,1760.0,1703.5,1756.0,142170
2025-09-05,1744.5,1761.5,1725.0,1730.0,153630
2025-09-08,1791.0,1791.0,1756.0,1760.0,176892
2025-09-09,1779.0,1794.0,1724.0,1793.0,222457
2025-09-10,1779.0,1779.0,1779.0,1779.0,0
2025-09-11,1880.5,1880.5,1816.0,1849.0,275105
2025-09-12,1896.5,1897.0,1872.0,1878.5,231278
2025-09-15,1950.0,1950.0,1905.0,1905.0,250793
2025-09-16,1901.0,1983.0,1901.0,1967.0,302885
2025-09-17,1888.5,1953.0,1886.0,1916.5,206992
2025-09-18,1919.5,1926.0,1886.5,1918.0,182035
2025-09-19,1928.0,1939.0,1906.0,1938.5,385437
2025-09-22,1928.0,1928.0,1928.0,1928.0,0
2025-09-23,1912.0,1943.5,1904.0,1941.0,173728
2025-09-24,1978.5,1978.5,1933.0,1940.0,332523
2025-09-25,1978.5,1978.5,1944.0,1971.0,182172
2025-09-26,1960.5,1984.0,1955.0,1979.0,179458
2025-09-29,1988.5,2001.0,1966.0,1979.0,274120
2025-09-30,1988.5,1988.5,1988.5,1988.5,0
2025-10-01,1951.0,1968.5,1918.5,1963.0,273662
2025-10-02,1986.0,1986.0,1958.5,1973.5,209433
2025-10-03,1962.5,2008.0,1962.5,1993.5,218385
2025-10-06,1962.5,1962.5,1962.5,1962.5,0
2025-10-07,1884.5,1893.5,1837.0,1891.0,290792
2025-10-08,1884.5,1884.5,1884.5,1884.5,0
2025-10-09,1884.5,1884.5,1884.5,1884.5,0
2025-10-10,1882.0,1915.5,1852.5,1907.0,225157
2025-10-13,1879.5,1900.0,1848.0,1900.0,129585
2025-10-14,1838.5,1863.0,1792.0,1855.0,220876
2025-10-15,1745.0,1832.0,1732.5,1830.0,264985
2025-10-16,1774.5,1779.0,1678.0,1706.0,304998
2025-10-17,1661.5,1719.5,1640.5,1715.0,390786
2025-10-20,1759.5,1761.5,1704.0,1720.0,274797
2025-10-21,1780.5,1787.5,1752.5,1780.0,161522
2025-10-22,1750.5,1840.0,1750.5,1810.0,213126
2025-10-23,1766.0,1800.5,1759.5,1792.0,131115
2025-10-24,1764.0,1793.5,1750.5,1788.0,121037
2025-10-27,1731.5,1775.0,1718.0,1773.5,132752
2025-10-28,1745.0,1753.5,1686.0,1711.5,145447
2025-10-29,1731.0,1752.5,1723.5,1742.5,85869
